"Periodo","cvegeo","Área_geográfica","Mujeres_ocupadas_como_funcionarias_y_directivas",
"2024",	00,"Estados Unidos Mexicanos","418,725",
"2024",	01,"Aguascalientes","5,118",
"2024",	-,"Aguascalientes","4,098",
"2024",	02,"Baja California","15,611",
"2024",	-,"Ensenada","ND",
"2024",	-,"Mexicali","4,270",
"2024",	-,"Tijuana","8,018",
"2024",	03,"Baja California Sur","5,642",
"2024",	-,"La Paz","2,324",
"2024",	04,"Campeche","3,630",
"2024",	-,"Campeche","1,530",
"2024",	-,"Ciudad del Carmen","1,138",
"2024",	05,"Coahuila de Zaragoza","10,897",
"2024",	-,"Saltillo","3,025",
"2024",	-,"Torreón","5,058",
"2024",	06,"Colima","5,734",
"2024",	-,"Colima","2,652",
"2024",	07,"Chiapas","7,690",
"2024",	-,"Tapachula","919",
"2024",	-,"Tuxtla Gutiérrez","2,695",
"2024",	08,"Chihuahua","12,746",
"2024",	-,"Chihuahua","5,183",
"2024",	-,"Juárez","3,656",
"2024",	09,"Ciudad de México","79,302",
"2024",	-,"Valle de México","118,102",
"2024",	10,"Durango","5,196",
"2024",	-,"Durango","3,003",
"2024",	11,"Guanajuato","12,127",
"2024",	-,"Celaya","ND",
"2024",	-,"Irapuato","ND",
"2024",	-,"León","6,220",
"2024",	12,"Guerrero","4,255",
"2024",	-,"Acapulco","1,569",
"2024",	-,"Chilpancingo","ND",
"2024",	13,"Hidalgo","10,473",
"2024",	-,"Pachuca","2,011",
"2024",	14,"Jalisco","25,062",
"2024",	-,"Guadalajara","19,326",
"2024",	15,"México","47,757",
"2024",	-,"Toluca","3,557",
"2024",	16,"Michoacán de Ocampo","8,025",
"2024",	-,"Morelia","2,966",
"2024",	-,"Uruapan","ND",
"2024",	17,"Morelos","3,051",
"2024",	-,"Cuernavaca","1,772",
"2024",	18,"Nayarit","3,606",
"2024",	-,"Tepic","1,792",
"2024",	19,"Nuevo León","31,566",
"2024",	-,"Monterrey","27,723",
"2024",	20,"Oaxaca","6,491",
"2024",	-,"Oaxaca","2,271",
"2024",	21,"Puebla","16,684",
"2024",	-,"Puebla","11,966",
"2024",	-,"Tehuacán","ND",
"2024",	22,"Querétaro","11,742",
"2024",	-,"Querétaro","8,146",
"2024",	23,"Quintana Roo","10,394",
"2024",	-,"Cancún","5,541",
"2024",	24,"San Luis Potosí","10,398",
"2024",	-,"San Luis Potosí","8,107",
"2024",	25,"Sinaloa","10,704",
"2024",	-,"Culiacán","3,401",
"2024",	-,"Mazatlán","ND",
"2024",	26,"Sonora","11,334",
"2024",	-,"Ciudad Obregón","ND",
"2024",	-,"Hermosillo","5,398",
"2024",	27,"Tabasco","7,512",
"2024",	-,"Villahermosa","2,055",
"2024",	28,"Tamaulipas","9,521",
"2024",	-,"Heroica Matamoros","ND",
"2024",	-,"Nuevo Laredo","ND",
"2024",	-,"Reynosa","1,125",
"2024",	-,"Tampico","2,994",
"2024",	29,"Tlaxcala","2,006",
"2024",	-,"Tlaxcala","1,708",
"2024",	30,"Veracruz de Ignacio de la Llave","11,775",
"2024",	-,"Coatzacoalcos","533",
"2024",	-,"Xalapa-Enríquez","ND",
"2024",	-,"Veracruz","2,582",
"2024",	31,"Yucatán","9,486",
"2024",	-,"Mérida","6,965",
"2024",	32,"Zacatecas","3,193",
"2024",	-,"Zacatecas","1,646",
"2023",	00,"Estados Unidos Mexicanos","406,706",
"2023",	01,"Aguascalientes","4,648",
"2023",	-,"Aguascalientes","3,473",
"2023",	02,"Baja California","16,888",
"2023",	-,"Ensenada","ND",
"2023",	-,"Mexicali","4,556",
"2023",	-,"Tijuana","8,410",
"2023",	03,"Baja California Sur","6,266",
"2023",	-,"La Paz","2,281",
"2023",	04,"Campeche","2,937",
"2023",	-,"Campeche","1,144",
"2023",	-,"Ciudad del Carmen","967",
"2023",	05,"Coahuila de Zaragoza","10,147",
"2023",	-,"Saltillo","3,832",
"2023",	-,"Torreón","3,757",
"2023",	06,"Colima","3,874",
"2023",	-,"Colima","1,382",
"2023",	07,"Chiapas","6,226",
"2023",	-,"Tapachula","1,017",
"2023",	-,"Tuxtla Gutiérrez","2,771",
"2023",	08,"Chihuahua","13,715",
"2023",	-,"Chihuahua","5,972",
"2023",	-,"Juárez","5,429",
"2023",	09,"Ciudad de México","63,514",
"2023",	-,"Valle de México","99,203",
"2023",	10,"Durango","4,755",
"2023",	-,"Durango","3,202",
"2023",	11,"Guanajuato","11,517",
"2023",	-,"Celaya","ND",
"2023",	-,"Irapuato","ND",
"2023",	-,"León","5,901",
"2023",	12,"Guerrero","5,461",
"2023",	-,"Acapulco","2,010",
"2023",	-,"Chilpancingo","ND",
"2023",	13,"Hidalgo","10,018",
"2023",	-,"Pachuca","3,270",
"2023",	14,"Jalisco","34,570",
"2023",	-,"Guadalajara","22,386",
"2023",	15,"México","43,612",
"2023",	-,"Toluca","3,904",
"2023",	16,"Michoacán de Ocampo","10,269",
"2023",	-,"Morelia","2,830",
"2023",	-,"Uruapan","ND",
"2023",	17,"Morelos","5,863",
"2023",	-,"Cuernavaca","2,630",
"2023",	18,"Nayarit","2,956",
"2023",	-,"Tepic","1,302",
"2023",	19,"Nuevo León","29,466",
"2023",	-,"Monterrey","26,433",
"2023",	20,"Oaxaca","6,197",
"2023",	-,"Oaxaca","1,605",
"2023",	21,"Puebla","16,787",
"2023",	-,"Puebla","9,687",
"2023",	-,"Tehuacán","ND",
"2023",	22,"Querétaro","10,248",
"2023",	-,"Querétaro","6,734",
"2023",	23,"Quintana Roo","7,878",
"2023",	-,"Cancún","4,051",
"2023",	24,"San Luis Potosí","8,078",
"2023",	-,"San Luis Potosí","7,013",
"2023",	25,"Sinaloa","10,927",
"2023",	-,"Culiacán","3,686",
"2023",	-,"Mazatlán","ND",
"2023",	26,"Sonora","14,585",
"2023",	-,"Ciudad Obregón","ND",
"2023",	-,"Hermosillo","6,076",
"2023",	27,"Tabasco","7,028",
"2023",	-,"Villahermosa","2,414",
"2023",	28,"Tamaulipas","10,093",
"2023",	-,"Heroica Matamoros","ND",
"2023",	-,"Nuevo Laredo","ND",
"2023",	-,"Reynosa","1,211",
"2023",	-,"Tampico","2,784",
"2023",	29,"Tlaxcala","2,109",
"2023",	-,"Tlaxcala","1,608",
"2023",	30,"Veracruz de Ignacio de la Llave","14,204",
"2023",	-,"Coatzacoalcos","493",
"2023",	-,"Xalapa-Enríquez","ND",
"2023",	-,"Veracruz","2,136",
"2023",	31,"Yucatán","8,717",
"2023",	-,"Mérida","6,370",
"2023",	32,"Zacatecas","3,157",
"2023",	-,"Zacatecas","1,416",
"2022",	00,"Estados Unidos Mexicanos","397,219",
"2022",	01,"Aguascalientes","4,706",
"2022",	-,"Aguascalientes","3,527",
"2022",	02,"Baja California","13,082",
"2022",	-,"Ensenada","ND",
"2022",	-,"Mexicali","2,732",
"2022",	-,"Tijuana","6,980",
"2022",	03,"Baja California Sur","6,733",
"2022",	-,"La Paz","2,480",
"2022",	04,"Campeche","2,561",
"2022",	-,"Campeche","1,099",
"2022",	-,"Ciudad del Carmen","871",
"2022",	05,"Coahuila de Zaragoza","10,499",
"2022",	-,"Saltillo","3,783",
"2022",	-,"Torreón","3,968",
"2022",	06,"Colima","4,258",
"2022",	-,"Colima","1,846",
"2022",	07,"Chiapas","7,669",
"2022",	-,"Tapachula","901",
"2022",	-,"Tuxtla Gutiérrez","2,378",
"2022",	08,"Chihuahua","13,620",
"2022",	-,"Chihuahua","4,827",
"2022",	-,"Juárez","5,349",
"2022",	09,"Ciudad de México","52,316",
"2022",	-,"Valle de México","97,554",
"2022",	10,"Durango","4,732",
"2022",	-,"Durango","2,615",
"2022",	11,"Guanajuato","11,217",
"2022",	-,"Celaya","ND",
"2022",	-,"Irapuato","ND",
"2022",	-,"León","6,401",
"2022",	12,"Guerrero","4,162",
"2022",	-,"Acapulco","1,094",
"2022",	-,"Chilpancingo","ND",
"2022",	13,"Hidalgo","9,673",
"2022",	-,"Pachuca","1,979",
"2022",	14,"Jalisco","27,422",
"2022",	-,"Guadalajara","18,624",
"2022",	15,"México","56,281",
"2022",	-,"Toluca","3,718",
"2022",	16,"Michoacán de Ocampo","11,392",
"2022",	-,"Morelia","2,698",
"2022",	-,"Uruapan","ND",
"2022",	17,"Morelos","4,291",
"2022",	-,"Cuernavaca","2,172",
"2022",	18,"Nayarit","3,294",
"2022",	-,"Tepic","1,829",
"2022",	19,"Nuevo León","26,149",
"2022",	-,"Monterrey","23,502",
"2022",	20,"Oaxaca","7,834",
"2022",	-,"Oaxaca","2,230",
"2022",	21,"Puebla","17,722",
"2022",	-,"Puebla","13,162",
"2022",	-,"Tehuacán","ND",
"2022",	22,"Querétaro","8,138",
"2022",	-,"Querétaro","5,486",
"2022",	23,"Quintana Roo","8,415",
"2022",	-,"Cancún","4,351",
"2022",	24,"San Luis Potosí","7,250",
"2022",	-,"San Luis Potosí","5,116",
"2022",	25,"Sinaloa","11,389",
"2022",	-,"Culiacán","4,055",
"2022",	-,"Mazatlán","ND",
"2022",	26,"Sonora","11,197",
"2022",	-,"Ciudad Obregón","ND",
"2022",	-,"Hermosillo","4,746",
"2022",	27,"Tabasco","7,493",
"2022",	-,"Villahermosa","2,089",
"2022",	28,"Tamaulipas","9,909",
"2022",	-,"Heroica Matamoros","ND",
"2022",	-,"Nuevo Laredo","ND",
"2022",	-,"Reynosa","1,435",
"2022",	-,"Tampico","3,073",
"2022",	29,"Tlaxcala","2,036",
"2022",	-,"Tlaxcala","1,340",
"2022",	30,"Veracruz de Ignacio de la Llave","17,912",
"2022",	-,"Coatzacoalcos","551",
"2022",	-,"Xalapa-Enríquez","ND",
"2022",	-,"Veracruz","2,471",
"2022",	31,"Yucatán","9,457",
"2022",	-,"Mérida","6,715",
"2022",	32,"Zacatecas","4,418",
"2022",	-,"Zacatecas","1,761",
"2021",	00,"Estados Unidos Mexicanos","380,800",
"2021",	01,"Aguascalientes","3,671",
"2021",	-,"Aguascalientes","2,645",
"2021",	02,"Baja California","14,094",
"2021",	-,"Ensenada","ND",
"2021",	-,"Mexicali","3,195",
"2021",	-,"Tijuana","7,733",
"2021",	03,"Baja California Sur","6,106",
"2021",	-,"La Paz","2,122",
"2021",	04,"Campeche","3,031",
"2021",	-,"Campeche","1,341",
"2021",	-,"Ciudad del Carmen","832",
"2021",	05,"Coahuila de Zaragoza","8,805",
"2021",	-,"Saltillo","3,743",
"2021",	-,"Torreón","3,360",
"2021",	06,"Colima","4,820",
"2021",	-,"Colima","1,785",
"2021",	07,"Chiapas","7,524",
"2021",	-,"Tapachula","792",
"2021",	-,"Tuxtla Gutiérrez","2,072",
"2021",	08,"Chihuahua","11,754",
"2021",	-,"Chihuahua","4,824",
"2021",	-,"Juárez","3,998",
"2021",	09,"Ciudad de México","56,054",
"2021",	-,"Valle de México","102,663",
"2021",	10,"Durango","6,190",
"2021",	-,"Durango","3,696",
"2021",	11,"Guanajuato","10,861",
"2021",	-,"Celaya","ND",
"2021",	-,"Irapuato","ND",
"2021",	-,"León","5,426",
"2021",	12,"Guerrero","5,392",
"2021",	-,"Acapulco","1,625",
"2021",	-,"Chilpancingo","ND",
"2021",	13,"Hidalgo","7,087",
"2021",	-,"Pachuca","2,503",
"2021",	14,"Jalisco","31,396",
"2021",	-,"Guadalajara","17,962",
"2021",	15,"México","51,125",
"2021",	-,"Toluca","2,611",
"2021",	16,"Michoacán de Ocampo","7,947",
"2021",	-,"Morelia","3,500",
"2021",	-,"Uruapan","ND",
"2021",	17,"Morelos","3,308",
"2021",	-,"Cuernavaca","2,237",
"2021",	18,"Nayarit","5,161",
"2021",	-,"Tepic","2,288",
"2021",	19,"Nuevo León","27,847",
"2021",	-,"Monterrey","23,524",
"2021",	20,"Oaxaca","5,556",
"2021",	-,"Oaxaca","1,948",
"2021",	21,"Puebla","15,415",
"2021",	-,"Puebla","8,749",
"2021",	-,"Tehuacán","ND",
"2021",	22,"Querétaro","7,934",
"2021",	-,"Querétaro","5,364",
"2021",	23,"Quintana Roo","9,380",
"2021",	-,"Cancún","4,278",
"2021",	24,"San Luis Potosí","8,611",
"2021",	-,"San Luis Potosí","5,299",
"2021",	25,"Sinaloa","9,272",
"2021",	-,"Culiacán","3,029",
"2021",	-,"Mazatlán","ND",
"2021",	26,"Sonora","14,109",
"2021",	-,"Ciudad Obregón","ND",
"2021",	-,"Hermosillo","5,096",
"2021",	27,"Tabasco","6,761",
"2021",	-,"Villahermosa","2,009",
"2021",	28,"Tamaulipas","8,479",
"2021",	-,"Heroica Matamoros","ND",
"2021",	-,"Nuevo Laredo","ND",
"2021",	-,"Reynosa","1,082",
"2021",	-,"Tampico","2,413",
"2021",	29,"Tlaxcala","1,856",
"2021",	-,"Tlaxcala","1,371",
"2021",	30,"Veracruz de Ignacio de la Llave","10,789",
"2021",	-,"Coatzacoalcos","484",
"2021",	-,"Xalapa-Enríquez","ND",
"2021",	-,"Veracruz","2,462",
"2021",	31,"Yucatán","6,924",
"2021",	-,"Mérida","5,395",
"2021",	32,"Zacatecas","3,546",
"2021",	-,"Zacatecas","1,449",
"2020",	00,"Estados Unidos Mexicanos","371,836",
"2020",	01,"Aguascalientes","4,253",
"2020",	-,"Aguascalientes","3,231",
"2020",	02,"Baja California","14,751",
"2020",	-,"Ensenada","ND",
"2020",	-,"Mexicali","3,384",
"2020",	-,"Tijuana","9,142",
"2020",	03,"Baja California Sur","4,828",
"2020",	-,"La Paz","1,956",
"2020",	04,"Campeche","3,123",
"2020",	-,"Campeche","1,101",
"2020",	-,"Ciudad del Carmen","950",
"2020",	05,"Coahuila de Zaragoza","8,696",
"2020",	-,"Saltillo","3,276",
"2020",	-,"Torreón","3,057",
"2020",	06,"Colima","2,729",
"2020",	-,"Colima","1,337",
"2020",	07,"Chiapas","7,309",
"2020",	-,"Tapachula","756",
"2020",	-,"Tuxtla Gutiérrez","2,001",
"2020",	08,"Chihuahua","10,781",
"2020",	-,"Chihuahua","5,438",
"2020",	-,"Juárez","4,200",
"2020",	09,"Ciudad de México","54,914",
"2020",	-,"Valle de México","91,066",
"2020",	10,"Durango","4,619",
"2020",	-,"Durango","3,392",
"2020",	11,"Guanajuato","12,818",
"2020",	-,"Celaya","ND",
"2020",	-,"Irapuato","ND",
"2020",	-,"León","4,964",
"2020",	12,"Guerrero","2,818",
"2020",	-,"Acapulco","554",
"2020",	-,"Chilpancingo","ND",
"2020",	13,"Hidalgo","5,229",
"2020",	-,"Pachuca","1,900",
"2020",	14,"Jalisco","31,258",
"2020",	-,"Guadalajara","21,710",
"2020",	15,"México","43,711",
"2020",	-,"Toluca","3,694",
"2020",	16,"Michoacán de Ocampo","6,989",
"2020",	-,"Morelia","2,625",
"2020",	-,"Uruapan","ND",
"2020",	17,"Morelos","4,759",
"2020",	-,"Cuernavaca","2,166",
"2020",	18,"Nayarit","8,698",
"2020",	-,"Tepic","1,505",
"2020",	19,"Nuevo León","18,774",
"2020",	-,"Monterrey","15,904",
"2020",	20,"Oaxaca","5,354",
"2020",	-,"Oaxaca","1,927",
"2020",	21,"Puebla","16,189",
"2020",	-,"Puebla","6,019",
"2020",	-,"Tehuacán","ND",
"2020",	22,"Querétaro","12,737",
"2020",	-,"Querétaro","7,640",
"2020",	23,"Quintana Roo","10,868",
"2020",	-,"Cancún","5,713",
"2020",	24,"San Luis Potosí","6,769",
"2020",	-,"San Luis Potosí","4,265",
"2020",	25,"Sinaloa","9,855",
"2020",	-,"Culiacán","3,377",
"2020",	-,"Mazatlán","ND",
"2020",	26,"Sonora","11,401",
"2020",	-,"Ciudad Obregón","ND",
"2020",	-,"Hermosillo","5,130",
"2020",	27,"Tabasco","5,830",
"2020",	-,"Villahermosa","1,598",
"2020",	28,"Tamaulipas","8,678",
"2020",	-,"Heroica Matamoros","ND",
"2020",	-,"Nuevo Laredo","ND",
"2020",	-,"Reynosa","876",
"2020",	-,"Tampico","2,247",
"2020",	29,"Tlaxcala","1,992",
"2020",	-,"Tlaxcala","1,218",
"2020",	30,"Veracruz de Ignacio de la Llave","20,343",
"2020",	-,"Coatzacoalcos","269",
"2020",	-,"Xalapa-Enríquez","ND",
"2020",	-,"Veracruz","2,257",
"2020",	31,"Yucatán","7,989",
"2020",	-,"Mérida","6,936",
"2020",	32,"Zacatecas","2,774",
"2020",	-,"Zacatecas","1,050",
"2019",	00,"Estados Unidos Mexicanos","339,195",
"2019",	01,"Aguascalientes","3,345",
"2019",	-,"Aguascalientes","2,672",
"2019",	02,"Baja California","14,049",
"2019",	-,"Ensenada","ND",
"2019",	-,"Mexicali","4,140",
"2019",	-,"Tijuana","6,586",
"2019",	03,"Baja California Sur","4,753",
"2019",	-,"La Paz","1,705",
"2019",	04,"Campeche","3,026",
"2019",	-,"Campeche","971",
"2019",	-,"Ciudad del Carmen","ND",
"2019",	05,"Coahuila de Zaragoza","9,532",
"2019",	-,"Saltillo","4,042",
"2019",	-,"Torreón","3,533",
"2019",	06,"Colima","3,120",
"2019",	-,"Colima","1,299",
"2019",	07,"Chiapas","7,405",
"2019",	-,"Tapachula","ND",
"2019",	-,"Tuxtla Gutiérrez","2,556",
"2019",	08,"Chihuahua","14,122",
"2019",	-,"Chihuahua","5,700",
"2019",	-,"Juárez","4,417",
"2019",	09,"Ciudad de México","50,618",
"2019",	-,"Valle de México","81,996",
"2019",	10,"Durango","4,615",
"2019",	-,"Durango","3,148",
"2019",	11,"Guanajuato","11,004",
"2019",	-,"Celaya","ND",
"2019",	-,"Irapuato","ND",
"2019",	-,"León","3,863",
"2019",	12,"Guerrero","1,764",
"2019",	-,"Acapulco","566",
"2019",	-,"Chilpancingo","ND",
"2019",	13,"Hidalgo","7,412",
"2019",	-,"Pachuca","2,270",
"2019",	14,"Jalisco","31,209",
"2019",	-,"Guadalajara","21,397",
"2019",	15,"México","37,888",
"2019",	-,"Toluca","2,980",
"2019",	16,"Michoacán de Ocampo","3,341",
"2019",	-,"Morelia","1,519",
"2019",	-,"Uruapan","ND",
"2019",	17,"Morelos","4,150",
"2019",	-,"Cuernavaca","1,893",
"2019",	18,"Nayarit","3,356",
"2019",	-,"Tepic","1,551",
"2019",	19,"Nuevo León","19,634",
"2019",	-,"Monterrey","17,828",
"2019",	20,"Oaxaca","5,600",
"2019",	-,"Oaxaca","1,523",
"2019",	21,"Puebla","11,439",
"2019",	-,"Puebla","6,206",
"2019",	-,"Tehuacán","ND",
"2019",	22,"Querétaro","8,746",
"2019",	-,"Querétaro","5,617",
"2019",	23,"Quintana Roo","8,062",
"2019",	-,"Cancún","4,343",
"2019",	24,"San Luis Potosí","9,100",
"2019",	-,"San Luis Potosí","6,833",
"2019",	25,"Sinaloa","9,516",
"2019",	-,"Culiacán","2,819",
"2019",	-,"Mazatlán","ND",
"2019",	26,"Sonora","14,526",
"2019",	-,"Ciudad Obregón","ND",
"2019",	-,"Hermosillo","5,148",
"2019",	27,"Tabasco","7,091",
"2019",	-,"Villahermosa","1,457",
"2019",	28,"Tamaulipas","9,852",
"2019",	-,"Heroica Matamoros","ND",
"2019",	-,"Nuevo Laredo","ND",
"2019",	-,"Reynosa","1,366",
"2019",	-,"Tampico","3,364",
"2019",	29,"Tlaxcala","1,656",
"2019",	-,"Tlaxcala","1,011",
"2019",	30,"Veracruz de Ignacio de la Llave","9,288",
"2019",	-,"Coatzacoalcos","ND",
"2019",	-,"Xalapa-Enríquez","ND",
"2019",	-,"Veracruz","2,132",
"2019",	31,"Yucatán","7,135",
"2019",	-,"Mérida","5,984",
"2019",	32,"Zacatecas","2,841",
"2019",	-,"Zacatecas","1,090",
"2018",	00,"Estados Unidos Mexicanos","359,847",
"2018",	01,"Aguascalientes","3,002",
"2018",	-,"Aguascalientes","2,349",
"2018",	02,"Baja California","10,589",
"2018",	-,"Ensenada","ND",
"2018",	-,"Mexicali","ND",
"2018",	-,"Tijuana","5,041",
"2018",	03,"Baja California Sur","4,609",
"2018",	-,"La Paz","1,635",
"2018",	04,"Campeche","2,918",
"2018",	-,"Campeche","1,050",
"2018",	-,"Ciudad del Carmen","ND",
"2018",	05,"Coahuila de Zaragoza","6,329",
"2018",	-,"Saltillo","2,890",
"2018",	-,"Torreón","2,411",
"2018",	06,"Colima","3,364",
"2018",	-,"Colima","1,598",
"2018",	07,"Chiapas","5,507",
"2018",	-,"Tapachula","ND",
"2018",	-,"Tuxtla Gutiérrez","2,349",
"2018",	08,"Chihuahua","15,082",
"2018",	-,"Chihuahua","5,155",
"2018",	-,"Juárez","ND",
"2018",	09,"Ciudad de México","60,359",
"2018",	-,"Valle de México","105,263",
"2018",	10,"Durango","3,998",
"2018",	-,"Durango","2,709",
"2018",	11,"Guanajuato","9,963",
"2018",	-,"Celaya","ND",
"2018",	-,"Irapuato","ND",
"2018",	-,"León","5,108",
"2018",	12,"Guerrero","2,705",
"2018",	-,"Acapulco","822",
"2018",	-,"Chilpancingo","ND",
"2018",	13,"Hidalgo","6,353",
"2018",	-,"Pachuca","2,857",
"2018",	14,"Jalisco","30,261",
"2018",	-,"Guadalajara","20,176",
"2018",	15,"México","54,263",
"2018",	-,"Toluca","3,943",
"2018",	16,"Michoacán de Ocampo","5,762",
"2018",	-,"Morelia","2,008",
"2018",	-,"Uruapan","ND",
"2018",	17,"Morelos","3,799",
"2018",	-,"Cuernavaca","2,241",
"2018",	18,"Nayarit","3,529",
"2018",	-,"Tepic","1,560",
"2018",	19,"Nuevo León","18,644",
"2018",	-,"Monterrey","16,984",
"2018",	20,"Oaxaca","4,960",
"2018",	-,"Oaxaca","1,976",
"2018",	21,"Puebla","12,480",
"2018",	-,"Puebla","6,491",
"2018",	-,"Tehuacán","ND",
"2018",	22,"Querétaro","9,264",
"2018",	-,"Querétaro","6,740",
"2018",	23,"Quintana Roo","9,811",
"2018",	-,"Cancún","5,959",
"2018",	24,"San Luis Potosí","6,596",
"2018",	-,"San Luis Potosí","5,200",
"2018",	25,"Sinaloa","7,504",
"2018",	-,"Culiacán","2,872",
"2018",	-,"Mazatlán","ND",
"2018",	26,"Sonora","15,758",
"2018",	-,"Ciudad Obregón","ND",
"2018",	-,"Hermosillo","5,756",
"2018",	27,"Tabasco","5,424",
"2018",	-,"Villahermosa","1,414",
"2018",	28,"Tamaulipas","9,366",
"2018",	-,"Heroica Matamoros","ND",
"2018",	-,"Nuevo Laredo","ND",
"2018",	-,"Reynosa","ND",
"2018",	-,"Tampico","2,416",
"2018",	29,"Tlaxcala","1,981",
"2018",	-,"Tlaxcala","1,482",
"2018",	30,"Veracruz de Ignacio de la Llave","15,816",
"2018",	-,"Coatzacoalcos","ND",
"2018",	-,"Xalapa-Enríquez","ND",
"2018",	-,"Veracruz","2,081",
"2018",	31,"Yucatán","6,800",
"2018",	-,"Mérida","5,523",
"2018",	32,"Zacatecas","3,055",
"2018",	-,"Zacatecas","1,291",
"2017",	00,"Estados Unidos Mexicanos","354,826",
"2017",	01,"Aguascalientes","4,466",
"2017",	-,"Aguascalientes","3,702",
"2017",	02,"Baja California","10,519",
"2017",	-,"Ensenada","ND",
"2017",	-,"Mexicali","ND",
"2017",	-,"Tijuana","5,595",
"2017",	03,"Baja California Sur","4,698",
"2017",	-,"La Paz","1,901",
"2017",	04,"Campeche","2,383",
"2017",	-,"Campeche","1,078",
"2017",	-,"Ciudad del Carmen","ND",
"2017",	05,"Coahuila de Zaragoza","7,347",
"2017",	-,"Saltillo","2,402",
"2017",	-,"Torreón","3,947",
"2017",	06,"Colima","3,045",
"2017",	-,"Colima","1,542",
"2017",	07,"Chiapas","6,178",
"2017",	-,"Tapachula","ND",
"2017",	-,"Tuxtla Gutiérrez","2,321",
"2017",	08,"Chihuahua","12,446",
"2017",	-,"Chihuahua","3,909",
"2017",	-,"Juárez","ND",
"2017",	09,"Ciudad de México","68,929",
"2017",	-,"Valle de México","110,818",
"2017",	10,"Durango","4,836",
"2017",	-,"Durango","2,620",
"2017",	11,"Guanajuato","12,683",
"2017",	-,"Celaya","ND",
"2017",	-,"Irapuato","ND",
"2017",	-,"León","5,223",
"2017",	12,"Guerrero","3,010",
"2017",	-,"Acapulco","1,048",
"2017",	-,"Chilpancingo","ND",
"2017",	13,"Hidalgo","4,800",
"2017",	-,"Pachuca","2,215",
"2017",	14,"Jalisco","25,120",
"2017",	-,"Guadalajara","19,450",
"2017",	15,"México","50,845",
"2017",	-,"Toluca","3,995",
"2017",	16,"Michoacán de Ocampo","4,554",
"2017",	-,"Morelia","1,845",
"2017",	-,"Uruapan","ND",
"2017",	17,"Morelos","3,381",
"2017",	-,"Cuernavaca","2,158",
"2017",	18,"Nayarit","3,072",
"2017",	-,"Tepic","1,929",
"2017",	19,"Nuevo León","19,068",
"2017",	-,"Monterrey","16,672",
"2017",	20,"Oaxaca","6,190",
"2017",	-,"Oaxaca","2,062",
"2017",	21,"Puebla","11,224",
"2017",	-,"Puebla","7,697",
"2017",	-,"Tehuacán","ND",
"2017",	22,"Querétaro","7,255",
"2017",	-,"Querétaro","5,100",
"2017",	23,"Quintana Roo","9,297",
"2017",	-,"Cancún","4,852",
"2017",	24,"San Luis Potosí","6,993",
"2017",	-,"San Luis Potosí","5,186",
"2017",	25,"Sinaloa","9,208",
"2017",	-,"Culiacán","4,728",
"2017",	-,"Mazatlán","ND",
"2017",	26,"Sonora","13,491",
"2017",	-,"Ciudad Obregón","ND",
"2017",	-,"Hermosillo","4,894",
"2017",	27,"Tabasco","2,780",
"2017",	-,"Villahermosa","1,278",
"2017",	28,"Tamaulipas","9,139",
"2017",	-,"Heroica Matamoros","ND",
"2017",	-,"Nuevo Laredo","ND",
"2017",	-,"Reynosa","ND",
"2017",	-,"Tampico","2,256",
"2017",	29,"Tlaxcala","2,445",
"2017",	-,"Tlaxcala","1,902",
"2017",	30,"Veracruz de Ignacio de la Llave","15,620",
"2017",	-,"Coatzacoalcos","ND",
"2017",	-,"Xalapa-Enríquez","ND",
"2017",	-,"Veracruz","2,233",
"2017",	31,"Yucatán","6,991",
"2017",	-,"Mérida","5,999",
"2017",	32,"Zacatecas","2,819",
"2017",	-,"Zacatecas","1,476",
"2016",	00,"Estados Unidos Mexicanos","317,554",
"2016",	01,"Aguascalientes","3,797",
"2016",	-,"Aguascalientes","3,440",
"2016",	02,"Baja California","9,188",
"2016",	-,"Ensenada","ND",
"2016",	-,"Mexicali","ND",
"2016",	-,"Tijuana","5,796",
"2016",	03,"Baja California Sur","3,586",
"2016",	-,"La Paz","1,665",
"2016",	04,"Campeche","2,588",
"2016",	-,"Campeche","1,150",
"2016",	-,"Ciudad del Carmen","ND",
"2016",	05,"Coahuila de Zaragoza","6,906",
"2016",	-,"Saltillo","2,630",
"2016",	-,"Torreón","ND",
"2016",	06,"Colima","2,722",
"2016",	-,"Colima","1,498",
"2016",	07,"Chiapas","7,771",
"2016",	-,"Tapachula","ND",
"2016",	-,"Tuxtla Gutiérrez","2,346",
"2016",	08,"Chihuahua","10,815",
"2016",	-,"Chihuahua","3,572",
"2016",	-,"Juárez","ND",
"2016",	09,"Ciudad de México","62,678",
"2016",	-,"Valle de México","89,922",
"2016",	10,"Durango","4,526",
"2016",	-,"Durango","2,570",
"2016",	11,"Guanajuato","14,628",
"2016",	-,"Celaya","ND",
"2016",	-,"Irapuato","ND",
"2016",	-,"León","3,861",
"2016",	12,"Guerrero","3,221",
"2016",	-,"Acapulco","1,187",
"2016",	-,"Chilpancingo","ND",
"2016",	13,"Hidalgo","5,904",
"2016",	-,"Pachuca","2,390",
"2016",	14,"Jalisco","23,949",
"2016",	-,"Guadalajara","16,054",
"2016",	15,"México","34,036",
"2016",	-,"Toluca","4,181",
"2016",	16,"Michoacán de Ocampo","5,165",
"2016",	-,"Morelia","2,029",
"2016",	-,"Uruapan","ND",
"2016",	17,"Morelos","4,205",
"2016",	-,"Cuernavaca","2,068",
"2016",	18,"Nayarit","3,091",
"2016",	-,"Tepic","2,018",
"2016",	19,"Nuevo León","15,174",
"2016",	-,"Monterrey","13,929",
"2016",	20,"Oaxaca","5,137",
"2016",	-,"Oaxaca","1,691",
"2016",	21,"Puebla","8,813",
"2016",	-,"Puebla","5,542",
"2016",	-,"Tehuacán","ND",
"2016",	22,"Querétaro","6,545",
"2016",	-,"Querétaro","5,607",
"2016",	23,"Quintana Roo","9,813",
"2016",	-,"Cancún","4,841",
"2016",	24,"San Luis Potosí","6,578",
"2016",	-,"San Luis Potosí","4,423",
"2016",	25,"Sinaloa","6,710",
"2016",	-,"Culiacán","2,925",
"2016",	-,"Mazatlán","ND",
"2016",	26,"Sonora","13,598",
"2016",	-,"Ciudad Obregón","ND",
"2016",	-,"Hermosillo","5,056",
"2016",	27,"Tabasco","3,490",
"2016",	-,"Villahermosa","1,506",
"2016",	28,"Tamaulipas","9,469",
"2016",	-,"Heroica Matamoros","ND",
"2016",	-,"Nuevo Laredo","ND",
"2016",	-,"Reynosa","ND",
"2016",	-,"Tampico","3,268",
"2016",	29,"Tlaxcala","1,412",
"2016",	-,"Tlaxcala","1,115",
"2016",	30,"Veracruz de Ignacio de la Llave","12,385",
"2016",	-,"Coatzacoalcos","ND",
"2016",	-,"Xalapa-Enríquez","ND",
"2016",	-,"Veracruz","2,052",
"2016",	31,"Yucatán","6,274",
"2016",	-,"Mérida","5,287",
"2016",	32,"Zacatecas","3,381",
"2016",	-,"Zacatecas","1,749",
"2015",	00,"Estados Unidos Mexicanos","311,816",
"2015",	01,"Aguascalientes","4,355",
"2015",	-,"Aguascalientes","3,624",
"2015",	02,"Baja California","8,367",
"2015",	-,"Ensenada","ND",
"2015",	-,"Mexicali","ND",
"2015",	-,"Tijuana","4,423",
"2015",	03,"Baja California Sur","4,406",
"2015",	-,"La Paz","1,597",
"2015",	04,"Campeche","2,265",
"2015",	-,"Campeche","1,062",
"2015",	-,"Ciudad del Carmen","ND",
"2015",	05,"Coahuila de Zaragoza","7,070",
"2015",	-,"Saltillo","2,421",
"2015",	-,"Torreón","ND",
"2015",	06,"Colima","2,485",
"2015",	-,"Colima","1,276",
"2015",	07,"Chiapas","6,762",
"2015",	-,"Tapachula","ND",
"2015",	-,"Tuxtla Gutiérrez","2,746",
"2015",	08,"Chihuahua","10,842",
"2015",	-,"Chihuahua","3,583",
"2015",	-,"Juárez","ND",
"2015",	09,"Ciudad de México","61,921",
"2015",	-,"Valle de México","84,654",
"2015",	10,"Durango","3,281",
"2015",	-,"Durango","1,468",
"2015",	11,"Guanajuato","11,995",
"2015",	-,"Celaya","ND",
"2015",	-,"Irapuato","ND",
"2015",	-,"León","3,082",
"2015",	12,"Guerrero","2,555",
"2015",	-,"Acapulco","928",
"2015",	-,"Chilpancingo","ND",
"2015",	13,"Hidalgo","4,826",
"2015",	-,"Pachuca","2,664",
"2015",	14,"Jalisco","25,191",
"2015",	-,"Guadalajara","15,448",
"2015",	15,"México","32,717",
"2015",	-,"Toluca","4,280",
"2015",	16,"Michoacán de Ocampo","6,201",
"2015",	-,"Morelia","2,052",
"2015",	-,"Uruapan","ND",
"2015",	17,"Morelos","3,436",
"2015",	-,"Cuernavaca","2,381",
"2015",	18,"Nayarit","2,995",
"2015",	-,"Tepic","1,623",
"2015",	19,"Nuevo León","16,631",
"2015",	-,"Monterrey","14,285",
"2015",	20,"Oaxaca","5,081",
"2015",	-,"Oaxaca","1,920",
"2015",	21,"Puebla","9,416",
"2015",	-,"Puebla","7,061",
"2015",	-,"Tehuacán","ND",
"2015",	22,"Querétaro","6,975",
"2015",	-,"Querétaro","5,671",
"2015",	23,"Quintana Roo","8,087",
"2015",	-,"Cancún","4,426",
"2015",	24,"San Luis Potosí","7,366",
"2015",	-,"San Luis Potosí","5,101",
"2015",	25,"Sinaloa","8,398",
"2015",	-,"Culiacán","3,593",
"2015",	-,"Mazatlán","ND",
"2015",	26,"Sonora","14,750",
"2015",	-,"Ciudad Obregón","ND",
"2015",	-,"Hermosillo","4,282",
"2015",	27,"Tabasco","2,916",
"2015",	-,"Villahermosa","1,893",
"2015",	28,"Tamaulipas","8,592",
"2015",	-,"Heroica Matamoros","ND",
"2015",	-,"Nuevo Laredo","ND",
"2015",	-,"Reynosa","ND",
"2015",	-,"Tampico","2,519",
"2015",	29,"Tlaxcala","1,643",
"2015",	-,"Tlaxcala","1,139",
"2015",	30,"Veracruz de Ignacio de la Llave","10,087",
"2015",	-,"Coatzacoalcos","ND",
"2015",	-,"Xalapa-Enríquez","ND",
"2015",	-,"Veracruz","2,020",
"2015",	31,"Yucatán","6,564",
"2015",	-,"Mérida","5,336",
"2015",	32,"Zacatecas","3,644",
"2015",	-,"Zacatecas","1,360",
"2014",	00,"Estados Unidos Mexicanos","293,406",
"2014",	01,"Aguascalientes","3,105",
"2014",	-,"Aguascalientes","2,621",
"2014",	02,"Baja California","9,108",
"2014",	-,"Ensenada","ND",
"2014",	-,"Mexicali","ND",
"2014",	-,"Tijuana","4,190",
"2014",	03,"Baja California Sur","3,312",
"2014",	-,"La Paz","1,293",
"2014",	04,"Campeche","1,862",
"2014",	-,"Campeche","886",
"2014",	-,"Ciudad del Carmen","ND",
"2014",	05,"Coahuila de Zaragoza","7,716",
"2014",	-,"Saltillo","2,197",
"2014",	-,"Torreón","ND",
"2014",	06,"Colima","2,606",
"2014",	-,"Colima","1,351",
"2014",	07,"Chiapas","7,360",
"2014",	-,"Tapachula","ND",
"2014",	-,"Tuxtla Gutiérrez","2,421",
"2014",	08,"Chihuahua","9,175",
"2014",	-,"Chihuahua","3,461",
"2014",	-,"Juárez","ND",
"2014",	09,"Ciudad de México","56,847",
"2014",	-,"Valle de México","80,759",
"2014",	10,"Durango","3,011",
"2014",	-,"Durango","1,297",
"2014",	11,"Guanajuato","12,416",
"2014",	-,"Celaya","ND",
"2014",	-,"Irapuato","ND",
"2014",	-,"León","4,179",
"2014",	12,"Guerrero","2,719",
"2014",	-,"Acapulco","762",
"2014",	-,"Chilpancingo","ND",
"2014",	13,"Hidalgo","6,483",
"2014",	-,"Pachuca","2,140",
"2014",	14,"Jalisco","17,876",
"2014",	-,"Guadalajara","13,012",
"2014",	15,"México","36,599",
"2014",	-,"Toluca","4,475",
"2014",	16,"Michoacán de Ocampo","5,199",
"2014",	-,"Morelia","2,013",
"2014",	-,"Uruapan","ND",
"2014",	17,"Morelos","4,310",
"2014",	-,"Cuernavaca","2,903",
"2014",	18,"Nayarit","3,158",
"2014",	-,"Tepic","1,628",
"2014",	19,"Nuevo León","14,000",
"2014",	-,"Monterrey","12,749",
"2014",	20,"Oaxaca","5,116",
"2014",	-,"Oaxaca","1,538",
"2014",	21,"Puebla","10,046",
"2014",	-,"Puebla","5,236",
"2014",	-,"Tehuacán","ND",
"2014",	22,"Querétaro","5,533",
"2014",	-,"Querétaro","4,108",
"2014",	23,"Quintana Roo","6,850",
"2014",	-,"Cancún","3,764",
"2014",	24,"San Luis Potosí","6,431",
"2014",	-,"San Luis Potosí","3,990",
"2014",	25,"Sinaloa","9,006",
"2014",	-,"Culiacán","3,998",
"2014",	-,"Mazatlán","ND",
"2014",	26,"Sonora","10,593",
"2014",	-,"Ciudad Obregón","ND",
"2014",	-,"Hermosillo","3,383",
"2014",	27,"Tabasco","4,404",
"2014",	-,"Villahermosa","1,748",
"2014",	28,"Tamaulipas","6,458",
"2014",	-,"Heroica Matamoros","ND",
"2014",	-,"Nuevo Laredo","ND",
"2014",	-,"Reynosa","ND",
"2014",	-,"Tampico","1,618",
"2014",	29,"Tlaxcala","2,103",
"2014",	-,"Tlaxcala","1,562",
"2014",	30,"Veracruz de Ignacio de la Llave","11,790",
"2014",	-,"Coatzacoalcos","ND",
"2014",	-,"Xalapa-Enríquez","ND",
"2014",	-,"Veracruz","2,717",
"2014",	31,"Yucatán","5,605",
"2014",	-,"Mérida","4,231",
"2014",	32,"Zacatecas","2,611",
"2014",	-,"Zacatecas","1,224",
"2013",	00,"Estados Unidos Mexicanos","299,577",
"2013",	01,"Aguascalientes","3,300",
"2013",	-,"Aguascalientes","2,961",
"2013",	02,"Baja California","12,784",
"2013",	-,"Ensenada","ND",
"2013",	-,"Mexicali","ND",
"2013",	-,"Tijuana","6,076",
"2013",	03,"Baja California Sur","3,622",
"2013",	-,"La Paz","1,462",
"2013",	04,"Campeche","2,149",
"2013",	-,"Campeche","1,095",
"2013",	-,"Ciudad del Carmen","ND",
"2013",	05,"Coahuila de Zaragoza","9,001",
"2013",	-,"Saltillo","3,322",
"2013",	-,"Torreón","ND",
"2013",	06,"Colima","2,425",
"2013",	-,"Colima","1,219",
"2013",	07,"Chiapas","6,204",
"2013",	-,"Tapachula","ND",
"2013",	-,"Tuxtla Gutiérrez","2,329",
"2013",	08,"Chihuahua","7,494",
"2013",	-,"Chihuahua","2,729",
"2013",	-,"Juárez","ND",
"2013",	09,"Ciudad de México","44,789",
"2013",	-,"Valle de México","72,821",
"2013",	10,"Durango","3,568",
"2013",	-,"Durango","2,159",
"2013",	11,"Guanajuato","9,892",
"2013",	-,"Celaya","ND",
"2013",	-,"Irapuato","ND",
"2013",	-,"León","3,110",
"2013",	12,"Guerrero","2,871",
"2013",	-,"Acapulco","923",
"2013",	-,"Chilpancingo","ND",
"2013",	13,"Hidalgo","5,936",
"2013",	-,"Pachuca","2,288",
"2013",	14,"Jalisco","25,356",
"2013",	-,"Guadalajara","15,381",
"2013",	15,"México","35,487",
"2013",	-,"Toluca","3,497",
"2013",	16,"Michoacán de Ocampo","6,251",
"2013",	-,"Morelia","2,039",
"2013",	-,"Uruapan","ND",
"2013",	17,"Morelos","3,909",
"2013",	-,"Cuernavaca","2,462",
"2013",	18,"Nayarit","2,902",
"2013",	-,"Tepic","1,360",
"2013",	19,"Nuevo León","14,596",
"2013",	-,"Monterrey","12,963",
"2013",	20,"Oaxaca","6,584",
"2013",	-,"Oaxaca","2,683",
"2013",	21,"Puebla","11,678",
"2013",	-,"Puebla","5,330",
"2013",	-,"Tehuacán","ND",
"2013",	22,"Querétaro","4,925",
"2013",	-,"Querétaro","3,687",
"2013",	23,"Quintana Roo","7,330",
"2013",	-,"Cancún","4,449",
"2013",	24,"San Luis Potosí","7,266",
"2013",	-,"San Luis Potosí","4,642",
"2013",	25,"Sinaloa","10,100",
"2013",	-,"Culiacán","2,899",
"2013",	-,"Mazatlán","ND",
"2013",	26,"Sonora","10,768",
"2013",	-,"Ciudad Obregón","ND",
"2013",	-,"Hermosillo","4,123",
"2013",	27,"Tabasco","3,557",
"2013",	-,"Villahermosa","1,342",
"2013",	28,"Tamaulipas","9,747",
"2013",	-,"Heroica Matamoros","ND",
"2013",	-,"Nuevo Laredo","ND",
"2013",	-,"Reynosa","ND",
"2013",	-,"Tampico","1,810",
"2013",	29,"Tlaxcala","2,007",
"2013",	-,"Tlaxcala","1,303",
"2013",	30,"Veracruz de Ignacio de la Llave","14,564",
"2013",	-,"Coatzacoalcos","ND",
"2013",	-,"Xalapa-Enríquez","ND",
"2013",	-,"Veracruz","2,730",
"2013",	31,"Yucatán","6,637",
"2013",	-,"Mérida","5,054",
"2013",	32,"Zacatecas","1,882",
"2013",	-,"Zacatecas","1,085",
"2012",	00,"Estados Unidos Mexicanos","289,914",
"2012",	01,"Aguascalientes","3,168",
"2012",	-,"Aguascalientes","2,828",
"2012",	02,"Baja California","8,631",
"2012",	-,"Ensenada","ND",
"2012",	-,"Mexicali","ND",
"2012",	-,"Tijuana","5,287",
"2012",	03,"Baja California Sur","4,630",
"2012",	-,"La Paz","1,427",
"2012",	04,"Campeche","2,197",
"2012",	-,"Campeche","1,122",
"2012",	-,"Ciudad del Carmen","ND",
"2012",	05,"Coahuila de Zaragoza","8,889",
"2012",	-,"Saltillo","3,086",
"2012",	-,"Torreón","ND",
"2012",	06,"Colima","2,362",
"2012",	-,"Colima","1,126",
"2012",	07,"Chiapas","5,723",
"2012",	-,"Tapachula","ND",
"2012",	-,"Tuxtla Gutiérrez","2,536",
"2012",	08,"Chihuahua","9,627",
"2012",	-,"Chihuahua","2,662",
"2012",	-,"Juárez","ND",
"2012",	09,"Ciudad de México","57,052",
"2012",	-,"Valle de México","79,640",
"2012",	10,"Durango","3,517",
"2012",	-,"Durango","1,907",
"2012",	11,"Guanajuato","8,792",
"2012",	-,"Celaya","ND",
"2012",	-,"Irapuato","ND",
"2012",	-,"León","2,851",
"2012",	12,"Guerrero","4,133",
"2012",	-,"Acapulco","1,475",
"2012",	-,"Chilpancingo","ND",
"2012",	13,"Hidalgo","4,296",
"2012",	-,"Pachuca","2,135",
"2012",	14,"Jalisco","23,313",
"2012",	-,"Guadalajara","13,963",
"2012",	15,"México","27,184",
"2012",	-,"Toluca","2,368",
"2012",	16,"Michoacán de Ocampo","5,158",
"2012",	-,"Morelia","1,709",
"2012",	-,"Uruapan","ND",
"2012",	17,"Morelos","4,454",
"2012",	-,"Cuernavaca","2,603",
"2012",	18,"Nayarit","2,854",
"2012",	-,"Tepic","1,325",
"2012",	19,"Nuevo León","17,081",
"2012",	-,"Monterrey","15,847",
"2012",	20,"Oaxaca","5,384",
"2012",	-,"Oaxaca","1,825",
"2012",	21,"Puebla","11,129",
"2012",	-,"Puebla","7,211",
"2012",	-,"Tehuacán","ND",
"2012",	22,"Querétaro","5,446",
"2012",	-,"Querétaro","3,939",
"2012",	23,"Quintana Roo","6,851",
"2012",	-,"Cancún","3,833",
"2012",	24,"San Luis Potosí","6,550",
"2012",	-,"San Luis Potosí","4,273",
"2012",	25,"Sinaloa","5,463",
"2012",	-,"Culiacán","1,868",
"2012",	-,"Mazatlán","ND",
"2012",	26,"Sonora","6,821",
"2012",	-,"Ciudad Obregón","ND",
"2012",	-,"Hermosillo","3,679",
"2012",	27,"Tabasco","5,773",
"2012",	-,"Villahermosa","2,242",
"2012",	28,"Tamaulipas","10,854",
"2012",	-,"Heroica Matamoros","ND",
"2012",	-,"Nuevo Laredo","ND",
"2012",	-,"Reynosa","ND",
"2012",	-,"Tampico","2,162",
"2012",	29,"Tlaxcala","1,626",
"2012",	-,"Tlaxcala","1,000",
"2012",	30,"Veracruz de Ignacio de la Llave","12,618",
"2012",	-,"Coatzacoalcos","ND",
"2012",	-,"Xalapa-Enríquez","ND",
"2012",	-,"Veracruz","1,991",
"2012",	31,"Yucatán","5,662",
"2012",	-,"Mérida","4,949",
"2012",	32,"Zacatecas","2,677",
"2012",	-,"Zacatecas","1,353",
"2011",	00,"Estados Unidos Mexicanos","279,233",
"2011",	01,"Aguascalientes","2,754",
"2011",	-,"Aguascalientes","2,241",
"2011",	02,"Baja California","9,928",
"2011",	-,"Ensenada","ND",
"2011",	-,"Mexicali","ND",
"2011",	-,"Tijuana","5,021",
"2011",	03,"Baja California Sur","3,801",
"2011",	-,"La Paz","1,215",
"2011",	04,"Campeche","2,192",
"2011",	-,"Campeche","1,230",
"2011",	-,"Ciudad del Carmen","ND",
"2011",	05,"Coahuila de Zaragoza","8,436",
"2011",	-,"Saltillo","2,468",
"2011",	-,"Torreón","ND",
"2011",	06,"Colima","2,672",
"2011",	-,"Colima","1,461",
"2011",	07,"Chiapas","7,915",
"2011",	-,"Tapachula","ND",
"2011",	-,"Tuxtla Gutiérrez","2,527",
"2011",	08,"Chihuahua","4,850",
"2011",	-,"Chihuahua","1,942",
"2011",	-,"Juárez","ND",
"2011",	09,"Ciudad de México","56,996",
"2011",	-,"Valle de México","86,907",
"2011",	10,"Durango","3,786",
"2011",	-,"Durango","1,879",
"2011",	11,"Guanajuato","4,942",
"2011",	-,"Celaya","ND",
"2011",	-,"Irapuato","ND",
"2011",	-,"León","2,868",
"2011",	12,"Guerrero","4,214",
"2011",	-,"Acapulco","980",
"2011",	-,"Chilpancingo","ND",
"2011",	13,"Hidalgo","2,508",
"2011",	-,"Pachuca","1,705",
"2011",	14,"Jalisco","16,548",
"2011",	-,"Guadalajara","12,584",
"2011",	15,"México","35,936",
"2011",	-,"Toluca","1,656",
"2011",	16,"Michoacán de Ocampo","7,227",
"2011",	-,"Morelia","2,344",
"2011",	-,"Uruapan","ND",
"2011",	17,"Morelos","4,573",
"2011",	-,"Cuernavaca","3,017",
"2011",	18,"Nayarit","2,280",
"2011",	-,"Tepic","1,422",
"2011",	19,"Nuevo León","12,900",
"2011",	-,"Monterrey","11,331",
"2011",	20,"Oaxaca","5,341",
"2011",	-,"Oaxaca","2,069",
"2011",	21,"Puebla","8,727",
"2011",	-,"Puebla","7,541",
"2011",	-,"Tehuacán","ND",
"2011",	22,"Querétaro","5,972",
"2011",	-,"Querétaro","4,914",
"2011",	23,"Quintana Roo","7,326",
"2011",	-,"Cancún","4,273",
"2011",	24,"San Luis Potosí","5,754",
"2011",	-,"San Luis Potosí","3,589",
"2011",	25,"Sinaloa","4,982",
"2011",	-,"Culiacán","2,356",
"2011",	-,"Mazatlán","ND",
"2011",	26,"Sonora","7,595",
"2011",	-,"Ciudad Obregón","ND",
"2011",	-,"Hermosillo","3,228",
"2011",	27,"Tabasco","5,076",
"2011",	-,"Villahermosa","2,080",
"2011",	28,"Tamaulipas","6,865",
"2011",	-,"Heroica Matamoros","ND",
"2011",	-,"Nuevo Laredo","ND",
"2011",	-,"Reynosa","ND",
"2011",	-,"Tampico","1,728",
"2011",	29,"Tlaxcala","1,723",
"2011",	-,"Tlaxcala","1,343",
"2011",	30,"Veracruz de Ignacio de la Llave","16,893",
"2011",	-,"Coatzacoalcos","ND",
"2011",	-,"Xalapa-Enríquez","ND",
"2011",	-,"Veracruz","2,338",
"2011",	31,"Yucatán","5,278",
"2011",	-,"Mérida","4,319",
"2011",	32,"Zacatecas","3,247",
"2011",	-,"Zacatecas","1,196",
"2010",	00,"Estados Unidos Mexicanos","276,423",
"2010",	01,"Aguascalientes","2,407",
"2010",	-,"Aguascalientes","2,101",
"2010",	02,"Baja California","13,699",
"2010",	-,"Ensenada","ND",
"2010",	-,"Mexicali","ND",
"2010",	-,"Tijuana","6,696",
"2010",	03,"Baja California Sur","3,428",
"2010",	-,"La Paz","1,050",
"2010",	04,"Campeche","2,068",
"2010",	-,"Campeche","1,162",
"2010",	-,"Ciudad del Carmen","ND",
"2010",	05,"Coahuila de Zaragoza","8,576",
"2010",	-,"Saltillo","3,212",
"2010",	-,"Torreón","ND",
"2010",	06,"Colima","2,408",
"2010",	-,"Colima","1,527",
"2010",	07,"Chiapas","8,547",
"2010",	-,"Tapachula","ND",
"2010",	-,"Tuxtla Gutiérrez","2,773",
"2010",	08,"Chihuahua","7,140",
"2010",	-,"Chihuahua","2,264",
"2010",	-,"Juárez","ND",
"2010",	09,"Ciudad de México","49,501",
"2010",	-,"Valle de México","69,962",
"2010",	10,"Durango","3,325",
"2010",	-,"Durango","2,162",
"2010",	11,"Guanajuato","8,068",
"2010",	-,"Celaya","ND",
"2010",	-,"Irapuato","ND",
"2010",	-,"León","2,990",
"2010",	12,"Guerrero","4,400",
"2010",	-,"Acapulco","1,951",
"2010",	-,"Chilpancingo","ND",
"2010",	13,"Hidalgo","2,580",
"2010",	-,"Pachuca","1,739",
"2010",	14,"Jalisco","18,660",
"2010",	-,"Guadalajara","13,695",
"2010",	15,"México","28,758",
"2010",	-,"Toluca","2,520",
"2010",	16,"Michoacán de Ocampo","7,836",
"2010",	-,"Morelia","1,900",
"2010",	-,"Uruapan","ND",
"2010",	17,"Morelos","4,375",
"2010",	-,"Cuernavaca","3,180",
"2010",	18,"Nayarit","2,453",
"2010",	-,"Tepic","1,576",
"2010",	19,"Nuevo León","12,286",
"2010",	-,"Monterrey","11,618",
"2010",	20,"Oaxaca","5,162",
"2010",	-,"Oaxaca","1,945",
"2010",	21,"Puebla","8,836",
"2010",	-,"Puebla","7,257",
"2010",	-,"Tehuacán","ND",
"2010",	22,"Querétaro","4,550",
"2010",	-,"Querétaro","3,775",
"2010",	23,"Quintana Roo","7,876",
"2010",	-,"Cancún","4,665",
"2010",	24,"San Luis Potosí","5,703",
"2010",	-,"San Luis Potosí","3,574",
"2010",	25,"Sinaloa","5,742",
"2010",	-,"Culiacán","2,607",
"2010",	-,"Mazatlán","ND",
"2010",	26,"Sonora","8,779",
"2010",	-,"Ciudad Obregón","ND",
"2010",	-,"Hermosillo","3,567",
"2010",	27,"Tabasco","4,661",
"2010",	-,"Villahermosa","2,234",
"2010",	28,"Tamaulipas","6,821",
"2010",	-,"Heroica Matamoros","ND",
"2010",	-,"Nuevo Laredo","ND",
"2010",	-,"Reynosa","ND",
"2010",	-,"Tampico","1,812",
"2010",	29,"Tlaxcala","1,389",
"2010",	-,"Tlaxcala","1,129",
"2010",	30,"Veracruz de Ignacio de la Llave","18,453",
"2010",	-,"Coatzacoalcos","ND",
"2010",	-,"Xalapa-Enríquez","ND",
"2010",	-,"Veracruz","1,690",
"2010",	31,"Yucatán","5,046",
"2010",	-,"Mérida","3,676",
"2010",	32,"Zacatecas","2,895",
"2010",	-,"Zacatecas","1,132",
"2009",	00,"Estados Unidos Mexicanos","260,504",
"2009",	01,"Aguascalientes","2,947",
"2009",	-,"Aguascalientes","2,717",
"2009",	02,"Baja California","9,202",
"2009",	-,"Ensenada","ND",
"2009",	-,"Mexicali","ND",
"2009",	-,"Tijuana","4,906",
"2009",	03,"Baja California Sur","4,159",
"2009",	-,"La Paz","1,111",
"2009",	04,"Campeche","1,657",
"2009",	-,"Campeche","1,023",
"2009",	-,"Ciudad del Carmen","ND",
"2009",	05,"Coahuila de Zaragoza","6,838",
"2009",	-,"Saltillo","2,281",
"2009",	-,"Torreón","ND",
"2009",	06,"Colima","2,992",
"2009",	-,"Colima","1,585",
"2009",	07,"Chiapas","8,448",
"2009",	-,"Tapachula","ND",
"2009",	-,"Tuxtla Gutiérrez","2,768",
"2009",	08,"Chihuahua","6,280",
"2009",	-,"Chihuahua","3,055",
"2009",	-,"Juárez","ND",
"2009",	09,"Ciudad de México","47,580",
"2009",	-,"Valle de México","63,832",
"2009",	10,"Durango","3,144",
"2009",	-,"Durango","1,837",
"2009",	11,"Guanajuato","9,020",
"2009",	-,"Celaya","ND",
"2009",	-,"Irapuato","ND",
"2009",	-,"León","2,658",
"2009",	12,"Guerrero","3,787",
"2009",	-,"Acapulco","2,142",
"2009",	-,"Chilpancingo","ND",
"2009",	13,"Hidalgo","4,052",
"2009",	-,"Pachuca","1,956",
"2009",	14,"Jalisco","18,356",
"2009",	-,"Guadalajara","14,845",
"2009",	15,"México","21,335",
"2009",	-,"Toluca","2,679",
"2009",	16,"Michoacán de Ocampo","5,790",
"2009",	-,"Morelia","1,779",
"2009",	-,"Uruapan","ND",
"2009",	17,"Morelos","3,921",
"2009",	-,"Cuernavaca","2,914",
"2009",	18,"Nayarit","1,932",
"2009",	-,"Tepic","1,197",
"2009",	19,"Nuevo León","12,667",
"2009",	-,"Monterrey","11,720",
"2009",	20,"Oaxaca","3,316",
"2009",	-,"Oaxaca","1,936",
"2009",	21,"Puebla","8,300",
"2009",	-,"Puebla","6,570",
"2009",	-,"Tehuacán","ND",
"2009",	22,"Querétaro","5,231",
"2009",	-,"Querétaro","3,827",
"2009",	23,"Quintana Roo","7,432",
"2009",	-,"Cancún","4,512",
"2009",	24,"San Luis Potosí","6,699",
"2009",	-,"San Luis Potosí","3,935",
"2009",	25,"Sinaloa","7,570",
"2009",	-,"Culiacán","2,416",
"2009",	-,"Mazatlán","ND",
"2009",	26,"Sonora","11,665",
"2009",	-,"Ciudad Obregón","ND",
"2009",	-,"Hermosillo","3,814",
"2009",	27,"Tabasco","4,633",
"2009",	-,"Villahermosa","2,182",
"2009",	28,"Tamaulipas","7,985",
"2009",	-,"Heroica Matamoros","ND",
"2009",	-,"Nuevo Laredo","ND",
"2009",	-,"Reynosa","ND",
"2009",	-,"Tampico","2,434",
"2009",	29,"Tlaxcala","1,414",
"2009",	-,"Tlaxcala","1,001",
"2009",	30,"Veracruz de Ignacio de la Llave","15,319",
"2009",	-,"Coatzacoalcos","ND",
"2009",	-,"Xalapa-Enríquez","ND",
"2009",	-,"Veracruz","2,747",
"2009",	31,"Yucatán","4,174",
"2009",	-,"Mérida","3,487",
"2009",	32,"Zacatecas","2,665",
"2009",	-,"Zacatecas","1,039",
